from,to,value,timestamp
0x857c86988c53c1bc5bff75edfb97893fa40a8000,0x857c86988c53c1bc5bff75edfb97893fa40a8001,1000,23847039
0x857c86988c53c1bc5bff75edfb97893fa40a8000,0x857c86988c53c1bc5bff75edfb97893fa40a8002,5000,23847139
0x857c86988c53c1bc5bff75edfb97893fa40a8000,0x857c86988c53c1bc5bff75edfb97893fa40a8003,2000,23847239
0x857c86988c53c1bc5bff75edfb97893fa40a8001,0x857c86988c53c1bc5bff75edfb97893fa40a8004,2000,23847339
0x857c86988c53c1bc5bff75edfb97893fa40a8001,0x857c86988c53c1bc5bff75edfb97893fa40a8002,2000,23847439
0x857c86988c53c1bc5bff75edfb97893fa40a8002,0x857c86988c53c1bc5bff75edfb97893fa40a8005,1000,23847539
0x857c86988c53c1bc5bff75edfb97893fa40a8002,0x857c86988c53c1bc5bff75edfb97893fa40a8001,1000,23847639
0x857c86988c53c1bc5bff75edfb97893fa40a8003,0x857c86988c53c1bc5bff75edfb97893fa40a8006,1000,23847739
0x857c86988c53c1bc5bff75edfb97893fa40a8003,0x857c86988c53c1bc5bff75edfb97893fa40a8000,1000,23847839
