from,to,value
0x857c86988c53c1bc5bff75edfb97893fa40a8000,0x857c86988c53c1bc5bff75edfb97893fa40a8001,1000
0x857c86988c53c1bc5bff75edfb97893fa40a8000,0x857c86988c53c1bc5bff75edfb97893fa40a8002,5000
0x857c86988c53c1bc5bff75edfb97893fa40a8000,0x857c86988c53c1bc5bff75edfb97893fa40a8003,2000
0x857c86988c53c1bc5bff75edfb97893fa40a8001,0x857c86988c53c1bc5bff75edfb97893fa40a8004,2000
0x857c86988c53c1bc5bff75edfb97893fa40a8001,0x857c86988c53c1bc5bff75edfb97893fa40a8002,2000
0x857c86988c53c1bc5bff75edfb97893fa40a8002,0x857c86988c53c1bc5bff75edfb97893fa40a8005,1000
0x857c86988c53c1bc5bff75edfb97893fa40a8002,0x857c86988c53c1bc5bff75edfb97893fa40a8001,1000
0x857c86988c53c1bc5bff75edfb97893fa40a8003,0x857c86988c53c1bc5bff75edfb97893fa40a8006,1000
0x857c86988c53c1bc5bff75edfb97893fa40a8003,0x857c86988c53c1bc5bff75edfb97893fa40a8000,1000
