from,topic,timestamp
0x857c86988c53c1bc5bff75edfb97893fa40a8000,0x857c86988c53c1bc5bff75edfb97893fa40a1001,472384
0x857c86988c53c1bc5bff75edfb97893fa40a8000,0x857c86988c53c1bc5bff75edfb97893fa40a1002,472374
0x857c86988c53c1bc5bff75edfb97893fa40a8000,0x857c86988c53c1bc5bff75edfb97893fa40a1003,472364
0x857c86988c53c1bc5bff75edfb97893fa40a8001,0x857c86988c53c1bc5bff75edfb97893fa40a1004,472354
0x857c86988c53c1bc5bff75edfb97893fa40a8001,0x857c86988c53c1bc5bff75edfb97893fa40a1002,472344
0x857c86988c53c1bc5bff75edfb97893fa40a8002,0x857c86988c53c1bc5bff75edfb97893fa40a1005,472334
0x857c86988c53c1bc5bff75edfb97893fa40a8002,0x857c86988c53c1bc5bff75edfb97893fa40a1001,472324
0x857c86988c53c1bc5bff75edfb97893fa40a8003,0x857c86988c53c1bc5bff75edfb97893fa40a1006,472314
0x857c86988c53c1bc5bff75edfb97893fa40a8003,0x857c86988c53c1bc5bff75edfb97893fa40a1000,472304
